1|leilani@hbmail.com|test|Leilani|Taziri
2|katie@hbmail.com|test|Katie|Atkinson
3|annie@hbmail.com|test|Annie|He
4|alena@hbmail.com|test|Alena|Kruchkova
5|terri@hbmail.com|test|Terri|Wong
6|kara@hbmail.com|test|Kara|Yount
7|erin@hbmail.com|test|Erin|Allard
8|chelsea@hbmail.com|test|Chelsea|Little
9|alice@hbmail.com|test|Alice|Pao
10|shai@hbmail.com|test|Shai|Wilson
11|alitsiya@hbmail.com|test|Alitsiya|Yusupova
12|patricia@hbmail.com|test|Patrica|Arbona
13|emma@hbmail.com|test|Emma|Ferguson
14|bekka@hbmail.com|test|Bekka|Murphy
15|celia@hbmail.com|test|Celia|Waggoner
16|elsa@hbmail.com|test|Elsa|Birch
17|kaylie@hbmail.com|test|Kaylie|Kwon
18|emily@hbmail.com|test|Emily|Lam
19|vianey@hbmail.com|test|Vianey|Munoz Gallegos
20|marisha@hbmail.com|test|Marisha|Schumacher-Hodge
21|anli@hbmail.com|test|Anli|Yang
22|chandrika@hbmail.com|test|Chandrika|Achar
23|meg@hbmail.com|test|Meg|Bishop
24|tiffany@hbmail.com|test|Tiffany|Hakseth
25|megan@hbmail.com|test|Megan|Peterson
26|shalini@hbmail.com|test|Shalini|Pyapali
27|dori@hbmail.com|test|Dori|Runyon
28|melissa@hbmail.com|test|Melissa|Fabros
29|shijie@hbmail.com|test|Shijie|Feng
30|janet@hbmail.com|test|Janet|Ghazizadeh
31|doria@hbmail.com|test|Doria|Keung
32|malika@hbmail.com|test|Malika|Nikhmonova
33|allian@hbmail.com|test|Allian|Roman
34|florence@hbmail.com|test|Florence|Loi
35|kristin@hbmail.com|test|Kristin|Parke